-end,27578
aboutus-end,20665
baelfhtml,5648
baelfFeb12_2007html,7115
baelfMay11_2006html,6491
bloghtml,3592
contactushtml,3162
datademocracyhtml,6677
edforum02172005html,5464
events-augustevent,16422
events-newyorkteachersmakersacademy,18194
events-teachersmakersacademy,18132
mailinglistphp,19411
media-inthenews,26473
media-pressreleases-end,22944
media-testimonials,21448
monographhtml,8075
ourideas-oercommonseducationecosystemusingknowledgesharing,25886
ourwork-end,19390
ourwork-all_projects,68378
ourwork-bigideasfest,28765
ourwork-build_projects,23070
ourwork-facultyinquirynetworkexaminingbasicskillsinstructioncaliforniacommunitycolleges,23650
ourwork-open_projects,24807
ourwork-siyavulaprojectformativeandsummativeresearchstudy,24417
ourwork-study_projects,25456
position_oerhtml,7581
position_rahtml,6919
position_tppmhtml,4907
pressrelease20040616html,6812
publications,27035
research,15723
services-end,22294
services-actioncollabs,20686
services-oersupport,22664
services-oertraining,19311
services-researchandevaluation,24700
services-speakingengagements,17479
sitemaphtml,7308
